name,type,ra,dec,image
10 Lacertae,Star,339.815327655,39.05026976444,http://commons.wikimedia.org/wiki/Special:FilePath/10%20Lacertae%20Celestia.jpg
3C 279,Galaxy,194.0465268837553,-5.7893144001307,http://commons.wikimedia.org/wiki/Special:FilePath/Gamma-Ray%20Quasar%203C%20279.jpg
44 Ophiuchi,Star,261.59257287042,-24.17531082778,NA
47 Ophiuchi,Star,261.6578398576724,-5.08659846366194,NA
47 Tucanae,Cluster,6.0223292,-72.0814444,http://commons.wikimedia.org/wiki/Special:FilePath/The%20Globular%20Cluster%2047%20Tu.jpg
51 Ophiuchi,Star,262.8539744625691,-23.96264300074556,NA
51 Pegasi,Star,344.36658535524,20.76883251114,http://commons.wikimedia.org/wiki/Special:FilePath/Pegasus%2051%20location%20inv.png
52 Cygni,Star,311.41563797232584,30.71971453957611,http://commons.wikimedia.org/wiki/Special:FilePath/NGC6960%20Veil%20Nebula%20Supernova%20Remnant%20from%20the%20Mount%20Lemmon%20SkyCenter%20Schulman%20Telescope%20courtesy%20Adam%20Block.jpg
AB Aurigae,Star,73.94102455509,30.55119224362,http://commons.wikimedia.org/wiki/Special:FilePath/ALMA%20image%20of%20the%20circumstellar%20disk%20AB%20Aurigae.jpg
AE Aurigae,Star,79.0756205989318,34.312318615563,NA
AG Carinae,Star,164.04824136809916,-60.45355820343861,http://commons.wikimedia.org/wiki/Special:FilePath/AG%20Carinae%20%28HD%2094910%29.png
Abell 1689,Cluster,197.87292,-1.34111,http://commons.wikimedia.org/wiki/Special:FilePath/Abell%201689.jpg
Abell 2218,Cluster,248.975,66.21667,http://commons.wikimedia.org/wiki/Special:FilePath/Abell%20NGC2218%20hst%20big.jpg
Abell 2667,Cluster,357.914042,-26.084083,http://commons.wikimedia.org/wiki/Special:FilePath/Abell%202667HSTFull.jpg
Abell 2744,Cluster,3.583458,-30.388278,http://commons.wikimedia.org/wiki/Special:FilePath/Pandora%27s%20Cluster%20%E2%80%93%20Abell%202744.jpg
Abell 36,Nebula,205.1722719719351,-19.8820340154209,http://commons.wikimedia.org/wiki/Special:FilePath/A%20Fleeting%20Moment%20in%20Time%20-%20Planetary%20Nebula%20ESO%20577-24.jpg
Abell 370,Cluster,39.96042,-1.58556,http://commons.wikimedia.org/wiki/Special:FilePath/Gravitational%20lensing%20in%20the%20galaxy%20cluster%20Abell%20370%20%28captured%20by%20the%20Hubble%20Space%20Telescope%29.jpg
Abell 3827,Cluster,330.45458,-59.95417,http://commons.wikimedia.org/wiki/Special:FilePath/Hubble%20image%20of%20the%20galaxy%20cluster%20Abell%203827.jpg
Abell 39,Nebula,246.8905003542537,27.9092979885128,http://commons.wikimedia.org/wiki/Special:FilePath/Planetary%20nebula%20Abell%2039%20%28noao0102a%29.jpg
Abell 400,Cluster,44.40583,6.0125,http://commons.wikimedia.org/wiki/Special:FilePath/3c75.jpg
Abell 520,Cluster,73.57917,2.94694,http://commons.wikimedia.org/wiki/Special:FilePath/Abell%20520.PNG
Abell 7,Nebula,75.7792,-15.60639,http://commons.wikimedia.org/wiki/Special:FilePath/Abell%207%20Planetary%20Nebula.jpg
Abell 78,Nebula,323.872423910575,31.695958440261,http://commons.wikimedia.org/wiki/Special:FilePath/Hubble%20Captures%20Re-energized%20Planetary%20Nebula%20-%20Flickr%20-%20NASA%20Goddard%20Photo%20and%20Video.jpg
Abell S1063,Cluster,342.22625,-44.51861,http://commons.wikimedia.org/wiki/Special:FilePath/Abell%20S1063%20%282018-56-4293%29.png
Achernar,Star,24.428522833,-57.236752806,http://commons.wikimedia.org/wiki/Special:FilePath/Position%20Alpha%20Eri.png
Acrux,Star,186.649563401,-63.099092858,http://commons.wikimedia.org/wiki/Special:FilePath/Acrux.png
Albireo,Star,292.68042,27.95972,http://commons.wikimedia.org/wiki/Special:FilePath/Albireo.jpg
Alcor,Star,201.30640763875,54.98795966139,http://commons.wikimedia.org/wiki/Special:FilePath/Mizar%20en%20Alcor.jpg
Aldebaran,Star,68.98016279,16.509302351,http://commons.wikimedia.org/wiki/Special:FilePath/Occultation.jpg
Alioth,Star,193.5072899675,55.95982295694,http://commons.wikimedia.org/wiki/Special:FilePath/Ursa%20major%20constellation%20map-fr.png
Alnilam,Star,84.053388941,-1.201919136,http://commons.wikimedia.org/wiki/Special:FilePath/Orion%20Belt.jpg
Alnitak,Star,85.189694428,-1.942573586,http://commons.wikimedia.org/wiki/Special:FilePath/Alnitak%20sun%20comparison.svg
Alpha Camelopardalis,Star,73.51254332625,66.34267679639,http://commons.wikimedia.org/wiki/Special:FilePath/%CE%91lpha%20Camelopardalis%20%28Celestia%29.jpg
Alpha Centauri,Star,219.87383306,-60.83222194,NA
Alpha Centauri A,Star,219.902058332,-60.833992688,http://commons.wikimedia.org/wiki/Special:FilePath/Alpha%20Centauri%20relative%20sizes-nl.png
Alpha Centauri B,Star,219.89609629,-60.837527566,http://commons.wikimedia.org/wiki/Special:FilePath/Artist%E2%80%99s%20impression%20of%20a%20planet%20around%20Alpha%20Centauri%20B%20%28symbolic%2C%20annotated%29.jpg
Alpha Leporis,Star,83.18256716167,-17.82228927222,NA
Alpha Ophiuchi,Star,263.73362272,12.560037392,http://commons.wikimedia.org/wiki/Special:FilePath/Ophiuchus%20constellation%20map.png
Alpha Persei,Star,51.08070871833,49.86117929306,http://commons.wikimedia.org/wiki/Special:FilePath/Alpha%20Persei%20Cluster.png
Altair,Star,297.695827296,8.868321196,http://commons.wikimedia.org/wiki/Special:FilePath/Altair1.jpg
Andromeda Galaxy,Galaxy,10.6847083,41.26875,http://commons.wikimedia.org/wiki/Special:FilePath/M31-Andromede-16-09-2023-Hamois.jpg
Antares,Star,247.35191542,-26.432002612,http://commons.wikimedia.org/wiki/Special:FilePath/Antares%20-%20Eso1726a.tif
Antennae Galaxies,Galaxy,180.4715417,-18.8772,http://commons.wikimedia.org/wiki/Special:FilePath/Antennae%20galaxies%20xl.jpg
Antlia Cluster,Cluster,157.4212321,-35.3258079,http://commons.wikimedia.org/wiki/Special:FilePath/Antlia%20cluster.jpg
Arches Cluster,Cluster,266.46042,-28.82444,http://commons.wikimedia.org/wiki/Special:FilePath/ESO-Arches%20Cluster.jpg
Arcturus,Star,213.915300295,19.182409162,http://commons.wikimedia.org/wiki/Special:FilePath/Arcturus%20%28optical%29.png
Arp 142,Galaxy,144.4358,2.75417,http://commons.wikimedia.org/wiki/Special:FilePath/Heic1311a.jpg
Arp 147,Galaxy,47.82875,1.314722,http://commons.wikimedia.org/wiki/Special:FilePath/Arp%20147.jpg
Arp 272,Galaxy,241.37875,17.76833,http://commons.wikimedia.org/wiki/Special:FilePath/Hubble%20Interacting%20Galaxy%20NGC%206050%20%282008-04-24%29.jpg
Arp 273,Galaxy,35.3696096786114,39.375589151782,http://commons.wikimedia.org/wiki/Special:FilePath/UGC%201810%20and%20UGC%201813%20in%20Arp%20273%20%28captured%20by%20the%20Hubble%20Space%20Telescope%29.jpg
Arp 81,Galaxy,273.24,68.35889,http://commons.wikimedia.org/wiki/Special:FilePath/Hubble%20Interacting%20Galaxy%20NGC%206621%20%282008-04-24%29.jpg
Arp 87,Galaxy,175.1843203373004,22.42931210047556,http://commons.wikimedia.org/wiki/Special:FilePath/Arp87full.jpg
Atlas,Moon,57.290594105,24.05341674361,http://commons.wikimedia.org/wiki/Special:FilePath/Plei%20scheme.jpg
Atlas,Star,57.290594105,24.05341674361,http://commons.wikimedia.org/wiki/Special:FilePath/Plei%20scheme.jpg
BM Scorpii,Star,265.2439446757825,-32.2144630353034,NA
Barnard 163,Nebula,325.56417,56.72889,http://commons.wikimedia.org/wiki/Special:FilePath/Barnard%20163%20%28noao0702b%29.jpg
Barnard 175,Nebula,333.5,69.9,NA
Barnard 92,Nebula,273.875,-18.217,NA
Barnard 93,Nebula,274.225,-18.067,NA
Barnard's Loop,Nebula,81.875,-3.967,http://commons.wikimedia.org/wiki/Special:FilePath/Nebula-Barnard%27s-Loop.jpeg
Beehive Cluster,Cluster,130.1,19.6667,http://commons.wikimedia.org/wiki/Special:FilePath/Messier%2044%202018.jpg
Bellatrix,Star,81.282763557,6.349703264,http://commons.wikimedia.org/wiki/Special:FilePath/Bellatrix%20DSS.png
Beta Centauri,Star,210.955855623,-60.373035162,http://commons.wikimedia.org/wiki/Special:FilePath/Centaurus%20constellation%20map.svg
Beta Chamaeleontis,Star,184.58676960730585,-79.31223407416667,NA
Beta Hydri,Star,6.437793155,-77.25424612,http://commons.wikimedia.org/wiki/Special:FilePath/Hydrus%20IAU.svg
Beta Ophiuchi,Star,265.86813295741786,4.56730366846917,NA
Beta Pictoris,Star,86.82119870875,-51.06651142639,http://commons.wikimedia.org/wiki/Special:FilePath/Around%20Beta%20Pictoris%20%28cropped%29.jpg
Beta Scorpii,Star,241.359292,-19.805389,http://commons.wikimedia.org/wiki/Special:FilePath/Scorpius%20charta.png
Betelgeuse,Star,88.792938991,7.407063995,http://commons.wikimedia.org/wiki/Special:FilePath/Location%20of%20the%20binary%20system%20of%20Betelgeuse%20in%20constellation%20Orion.png
Big Dipper,Constellation,247.0230492984283,-49.2111141752625,http://commons.wikimedia.org/wiki/Special:FilePath/Big%20Dipper%2020210116.jpg
Big Dipper,Asteroid,247.0230492984283,-49.2111141752625,http://commons.wikimedia.org/wiki/Special:FilePath/Big%20Dipper%2020210116.jpg
Black Eye Galaxy,Galaxy,194.1820667,21.6826583,http://commons.wikimedia.org/wiki/Special:FilePath/Blackeyegalaxy.jpg
Boomerang Nebula,Nebula,191.1920417313022,-54.5203769421111,http://commons.wikimedia.org/wiki/Special:FilePath/Boomerang%20nebula.jpg
Bubble Nebula,Nebula,296.132458,-14.699167,NA
Butterfly Cluster,Cluster,265.0833,-32.2533,http://commons.wikimedia.org/wiki/Special:FilePath/M6a.jpg
CL0024+17,Cluster,6.65,17.14333,http://commons.wikimedia.org/wiki/Special:FilePath/CL0024%2B17opt.jpg
CTB 1,Nebula,359.8042,62.43,http://commons.wikimedia.org/wiki/Special:FilePath/CTB1%20Supernova%20Remnant%20in%20Cassiopeia.jpg
CW Leonis,Star,146.98875,13.27889,http://commons.wikimedia.org/wiki/Special:FilePath/CW%20Leonis%20UV%20%28cropped%29.jpg
Calabash Nebula,Nebula,115.5706125,-14.7139444,http://commons.wikimedia.org/wiki/Special:FilePath/The%20Calabash%20clash.jpg
California Nebula,Nebula,60.825,36.4217,http://commons.wikimedia.org/wiki/Special:FilePath/California%20Neb%202007.jpg
Canopus,Star,95.987957829,-52.695661384,http://commons.wikimedia.org/wiki/Special:FilePath/Canopus.jpg
Capella,Star,79.172327944,45.99799147,http://commons.wikimedia.org/wiki/Special:FilePath/Auriga%20constellation%20map.svg
Carina Nebula,Nebula,161.07917,-59.88917,http://commons.wikimedia.org/wiki/Special:FilePath/Eta%20small%20Giuseppe%20Donatiello%20%2818835023732%29.jpg
Cassiopeia A,Nebula,350.85,58.815,http://commons.wikimedia.org/wiki/Special:FilePath/Heic0609.jpg
Castor,Star,113.64947164,31.888282216,http://commons.wikimedia.org/wiki/Special:FilePath/Gemini%20constellation%20map.png
Cat's Eye Nebula,Nebula,269.639184383106,66.6329858227251,http://commons.wikimedia.org/wiki/Special:FilePath/Catseye-big.jpg
Cave Nebula,Nebula,344.2746,62.6359,http://commons.wikimedia.org/wiki/Special:FilePath/Cave%20Nebula.jpg
Cederblad 214,Nebula,0.5,67.2,NA
Centaurus A,Galaxy,201.365062879333,-43.019112667361,http://commons.wikimedia.org/wiki/Special:FilePath/ESO%20Centaurus%20A%20LABOCA.jpg
Circinus X-1,Star,230.170208,-57.166694,http://commons.wikimedia.org/wiki/Special:FilePath/Circinus%20X-1.jpg
Coalsack Nebula,Nebula,187.8292,-63.7433,http://commons.wikimedia.org/wiki/Special:FilePath/Part%20of%20the%20Coalsack%20Nebula.jpg
Coma Berenices,Constellation,186.74583,23.90417,NA
Coma Cluster,Cluster,194.95292,27.98056,http://commons.wikimedia.org/wiki/Special:FilePath/Ssc2007-10a1.jpg
Cone Nebula,Nebula,100.275,9.883,http://commons.wikimedia.org/wiki/Special:FilePath/Cone%20Nebula%20%28NGC%202264%29%20Star-Forming%20Pillar%20of%20Gas%20and%20Dust.jpg
Crab Nebula,Nebula,83.633083,22.0145,http://commons.wikimedia.org/wiki/Special:FilePath/25%20Images%20to%20Celebrate%20NASA%E2%80%99s%20Chandra%2025th%20Anniversary-%20Crab%20Nebula%20%2853893798390%29.jpg
Crab Pulsar,Star,83.63307625,22.014493278,http://commons.wikimedia.org/wiki/Special:FilePath/Chandra-crab.jpg
Crescent Nebula,Nebula,303.0292,38.355,http://commons.wikimedia.org/wiki/Special:FilePath/CrescentBicolorHunterWilson.jpg
Cygnus,Constellation,20.5,45,http://commons.wikimedia.org/wiki/Special:FilePath/Kru%C5%A1n%C3%A9%20hory%2C%20Hora%20sv.%20%C5%A0ebesti%C3%A1na%2C%20imgp0651-71info%20%282018-05%29.jpg
Cygnus A,Galaxy,299.868151909542,40.733915736,http://commons.wikimedia.org/wiki/Special:FilePath/3c405.jpg
Cygnus Loop,Nebula,312.75,30.667,http://commons.wikimedia.org/wiki/Special:FilePath/Cygnus%20Loop%20Nebula.jpg
Cygnus OB2,Cluster,308.3,41.317,http://commons.wikimedia.org/wiki/Special:FilePath/CygOB2%20med.jpg
Cygnus X-1,Black Hole,299.59031556498,35.20160680908,http://commons.wikimedia.org/wiki/Special:FilePath/Chandra%20image%20of%20Cygnus%20X-1.jpg
Dark Doodad Nebula,Nebula,189.2875,-69.9983,http://commons.wikimedia.org/wiki/Special:FilePath/Dark%20Doodad%20Nebulae.jpg
Delta Cancri,Star,131.17124658768913,18.15430806905417,NA
Delta Scorpii,Star,240.083355346,-22.621706426,NA
Deneb,Star,310.357979753,45.280338807,http://commons.wikimedia.org/wiki/Special:FilePath/Deneb%20CLP.jpg
Double Cluster,Cluster,35.125,57.133,http://commons.wikimedia.org/wiki/Special:FilePath/NGC869NGC884.jpg
Draconids,Constellation,17.467,54,NA
Dubhe,Star,165.931964674,61.751034688,http://commons.wikimedia.org/wiki/Special:FilePath/Ursa%20major%20star%20name.png
Dumbbell Nebula,Nebula,299.9015133717808,22.7211978791566,http://commons.wikimedia.org/wiki/Special:FilePath/Messier27.jpg
Dwingeloo 1,Galaxy,44.2151566511154,58.91171074630556,http://commons.wikimedia.org/wiki/Special:FilePath/Dwingeloo%201%20%28WISE%29.png
ESO 137-001,Galaxy,243.3637708,-60.7640528,http://commons.wikimedia.org/wiki/Special:FilePath/New%20Hubble%20image%20of%20spiral%20galaxy%20ESO%20137-001.jpg
Eagle Nebula,Nebula,274.7,-13.8067,http://commons.wikimedia.org/wiki/Special:FilePath/Eagle%20Nebula%20from%20ESO.jpg
Earendel,Star,24.3458,-8.4644,http://commons.wikimedia.org/wiki/Special:FilePath/The%20Sunrise%20Arc%20galaxy%20with%20lensed%20star%20Earendel%20-b.png
Egg Nebula,Nebula,315.576125,36.693611,http://commons.wikimedia.org/wiki/Special:FilePath/Egg%20Nebula.jpg
Einstein Cross,Galaxy,340.125975,3.3585083,http://commons.wikimedia.org/wiki/Special:FilePath/Einstein%20cross.jpg
El Gordo,Cluster,15.71875,-49.249444,http://commons.wikimedia.org/wiki/Special:FilePath/ACT-CL%20J0102%E2%88%924915.jpg
Elephant's Trunk nebula,Nebula,324,57.4,http://commons.wikimedia.org/wiki/Special:FilePath/54345main%20ic1396%20highres.jpg
Epsilon Arietis,Star,44.803022316,21.340432636,NA
Epsilon Aurigae,Star,75.49222653615,43.82331030981,http://commons.wikimedia.org/wiki/Special:FilePath/Epsilon%20Aurigae.png
Epsilon Tauri,Star,67.15416772966458,19.18043420581389,NA
Eta Carinae,Star,161.26474075372,-59.6844587777,http://commons.wikimedia.org/wiki/Special:FilePath/EtaCarinae.jpg
Eta Geminorum,Star,93.71935536055372,22.50678732717083,http://commons.wikimedia.org/wiki/Special:FilePath/IC%20443.jpg
FN Canis Majoris,Star,106.669861327,-11.294011011,NA
Flame Nebula,Nebula,85.4292,-1.8417,http://commons.wikimedia.org/wiki/Special:FilePath/The%20hidden%20fires%20of%20the%20Flame%20Nebula.jpg
Fomalhaut,Star,344.412666,-29.6222222,http://commons.wikimedia.org/wiki/Special:FilePath/Wide-field%20view%20of%20the%20sky%20around%20the%20bright%20star%20Fomalhaut%20%28eso1216c%29.jpg
Fornax Cluster,Cluster,54.625,-35.455,http://commons.wikimedia.org/wiki/Special:FilePath/Wide-field%20view%20of%20the%20Fornax%20Galaxy%20Cluster.jpg
GRB 130427A,Galaxy,173.136833,27.698944,http://commons.wikimedia.org/wiki/Special:FilePath/NASA%27s%20Fermi%2C%20Swift%20See%20%27Shockingly%20Bright%27%20Burst%20%28before%20and%20after%20labels%29.jpg
GW Orionis,Star,82.2849702961,11.87018512697,NA
Gacrux,Star,187.791498376,-57.113213457,http://commons.wikimedia.org/wiki/Special:FilePath/Gacrux.jpg
Gamma Cassiopeiae,Star,14.17721289375,60.71674002472,http://commons.wikimedia.org/wiki/Special:FilePath/Gamma%20Cassiopeiae%20and%20its%20associated%20nebulosity.jpg
Gamma Cygni,Star,305.55709098208,40.25667915639,NA
Gamma Tauri,Star,64.94834968291876,15.62764205142473,http://commons.wikimedia.org/wiki/Special:FilePath/HyadesStarMap.jpg
Ghost Nebula,Nebula,319.1083,68.26,http://commons.wikimedia.org/wiki/Special:FilePath/Sh2136s.jpg
Gliese 581,Star,229.86177891146036,-7.72227486040722,http://commons.wikimedia.org/wiki/Special:FilePath/Gliese%20581%20Artist%27s%20impression.jpg
Gnomon,Star,154.90837038061,-9.80627938926,NA
Great Attractor,Cluster,158,-46,http://commons.wikimedia.org/wiki/Special:FilePath/2MASS%20LSS%20chart-NEW%20Nasa.jpg
Gum Nebula,Nebula,115.75,-42.1,http://commons.wikimedia.org/wiki/Special:FilePath/Gum%20Nebula2%201500x.jpg
HD 189733,Star,300.18213726402,22.71085365096,NA
HFG1,Nebula,45.9458733764094,64.909865624962407,NA
HH 30,Star,67.90627312064,18.20677332011,http://commons.wikimedia.org/wiki/Special:FilePath/HH30%20Webb%20investigates%20a%20dusty%20and%20dynamic%20disc%20%28potm2501a%29.jpg
HH 46/47,Star,126.43167,-51.01,http://commons.wikimedia.org/wiki/Special:FilePath/Webb%20snaps%20detailed%20infrared%20image%20of%20actively%20forming%20stars%20ESA25024852%20%28cropped%29.jpg
HL Tauri,Star,67.91046150388,18.23273881888,http://commons.wikimedia.org/wiki/Special:FilePath/HL%20Tau%20protoplanetary%20disk.jpg
Hanny's Voorwerp,Galaxy,145.265875,34.726194,http://commons.wikimedia.org/wiki/Special:FilePath/Hannys%20voorwerp.jpg
Hanny's Voorwerp,Nebula,145.265875,34.726194,http://commons.wikimedia.org/wiki/Special:FilePath/Hannys%20voorwerp.jpg
Heart Nebula,Nebula,38.175,61.45,http://commons.wikimedia.org/wiki/Special:FilePath/Heart%20Nebula%20IC%201805%20NGC%20896.jpg
Helix Nebula,Nebula,337.4083,-20.83722,http://commons.wikimedia.org/wiki/Special:FilePath/NGC%207293.jpg
Henize 70,Nebula,85.82292,-67.84667,http://commons.wikimedia.org/wiki/Special:FilePath/Superbubble%20N70%20in%20LMC.jpg
Hercules A,Galaxy,252.7834333,4.9930306,http://commons.wikimedia.org/wiki/Special:FilePath/A%20Multi-Wavelength%20View%20of%20Radio%20Galaxy%20Hercules%20A.jpg
Hercules Cluster,Cluster,241.3125,17.74861,http://commons.wikimedia.org/wiki/Special:FilePath/VST%20image%20of%20the%20Hercules%20galaxy%20cluster.jpg
Hoag's Object,Galaxy,229.310028174361,21.5855157960971,http://commons.wikimedia.org/wiki/Special:FilePath/Hoag%27s%20object.jpg
Holmberg IX,Galaxy,149.38375,69.04611,NA
Homunculus Nebula,Nebula,161.26458,-59.68444,http://commons.wikimedia.org/wiki/Special:FilePath/EtaCarinae.jpg
Horsehead Nebula,Nebula,85.24583,-2.45833,http://commons.wikimedia.org/wiki/Special:FilePath/Barnard%2033.jpg
Hourglass Nebula,Nebula,204.896067043395,-67.3810440489442,http://commons.wikimedia.org/wiki/Special:FilePath/MyCn18-crop.png
Hyades,Cluster,66.725,15.866667,http://commons.wikimedia.org/wiki/Special:FilePath/Hyades.jpg
Hydra Cluster,Cluster,159.15,-27.51778,http://commons.wikimedia.org/wiki/Special:FilePath/Hyamap.gif
I Zwicky 18,Galaxy,143.50875,55.24028,http://commons.wikimedia.org/wiki/Special:FilePath/I%20Zwicky%2018a.jpg
IC 10,Galaxy,5.0965,59.292972,NA
IC 1284,Nebula,274.425,-19.667,http://commons.wikimedia.org/wiki/Special:FilePath/N6590s.jpg
IC 1296,Galaxy,283.3284625,33.0665639,http://commons.wikimedia.org/wiki/Special:FilePath/IC%201296%20%28crop%29.jpg
IC 1396,Cluster,324.75,57.49,http://commons.wikimedia.org/wiki/Special:FilePath/54345main%20ic1396%20highres.jpg
IC 1396,Nebula,324.75,57.49,http://commons.wikimedia.org/wiki/Special:FilePath/54345main%20ic1396%20highres.jpg
IC 1590,Cluster,13.2042,56.6283,http://commons.wikimedia.org/wiki/Special:FilePath/IC%201590%20HST.jpg
IC 1795,Nebula,36.43125,62.10361,NA
IC 1871,Nebula,45.75,60.4,http://commons.wikimedia.org/wiki/Special:FilePath/Soul%20Pillar%20%2848344101782%29.png
IC 2118,Nebula,75.5,-7.9,http://commons.wikimedia.org/wiki/Special:FilePath/Witch%20head%20nebula.jpg
IC 2163,Galaxy,94.1165267486394,-21.3758731539562,http://commons.wikimedia.org/wiki/Special:FilePath/NGC2207%2BIC2163.jpg
IC 2177,Nebula,106.1042,-10.455,http://commons.wikimedia.org/wiki/Special:FilePath/Seagull%20Nebula.jpg
IC 2497,Galaxy,145.2669833,34.7329361,http://commons.wikimedia.org/wiki/Special:FilePath/Hannys%20voorwerp.jpg
IC 2574,Galaxy,157.0984185727703,68.4120670459305,http://commons.wikimedia.org/wiki/Special:FilePath/IC%202574%20Hubble%20WikiSky.jpg
IC 2944,Nebula,174.58333,-63.37278,http://commons.wikimedia.org/wiki/Special:FilePath/The%20Very%20Large%20Telescope%20Snaps%20a%20Stellar%20Nursery%20and%20Celebrates%20Fifteen%20Years%20of%20Operations.jpg
IC 342,Galaxy,56.7021417,68.0961056,http://commons.wikimedia.org/wiki/Special:FilePath/IC342%20RGB2.jpg
IC 348,Star,56.1417,32.1633,http://commons.wikimedia.org/wiki/Special:FilePath/Hubble%20image%20of%20LRLL%2054361%20and%20its%20surroundings.tif
IC 348,Cluster,56.1417,32.1633,http://commons.wikimedia.org/wiki/Special:FilePath/Hubble%20image%20of%20LRLL%2054361%20and%20its%20surroundings.tif
IC 405,Nebula,79.35,34.383,http://commons.wikimedia.org/wiki/Special:FilePath/FlamingStarHunterWilson.jpg
IC 417,Nebula,82.025,34.417,http://commons.wikimedia.org/wiki/Special:FilePath/Ic417s.jpg
IC 417,Cluster,82.025,34.417,http://commons.wikimedia.org/wiki/Special:FilePath/Ic417s.jpg
IC 434,Nebula,85.25,-2.5,http://commons.wikimedia.org/wiki/Special:FilePath/HorseheadHunterWilson.jpg
IC 4406,Nebula,215.6089349020639,-44.1506126185128,http://commons.wikimedia.org/wiki/Special:FilePath/Retinanebel.jpg
IC 443,Nebula,94.51125,22.66,http://commons.wikimedia.org/wiki/Special:FilePath/IC443.jpeg
IC 447,Nebula,97.75,10.1,http://commons.wikimedia.org/wiki/Special:FilePath/IC2169.jpg
IC 4592,Nebula,243.25,-19.3,http://commons.wikimedia.org/wiki/Special:FilePath/Rho%20Ophiucus%20Widefield.jpg
IC 4605,Nebula,247.75,-25.1,http://commons.wikimedia.org/wiki/Special:FilePath/Ic4605s.jpg
IC 4665,Cluster,266.575,5.7167,http://commons.wikimedia.org/wiki/Special:FilePath/IC%204665.png
IC 4970,Galaxy,304.24125,-70.74917,http://commons.wikimedia.org/wiki/Special:FilePath/IC%204970%20by%20Hubble.jpg
IC 59,Nebula,14.426667,61.083278,http://commons.wikimedia.org/wiki/Special:FilePath/Ic59s.jpg
IC 63,Nebula,14.755708,60.888278,http://commons.wikimedia.org/wiki/Special:FilePath/Ic63s.jpg
Iota Piscis Austrini,Star,326.2367069546779,-33.02578182224082,http://commons.wikimedia.org/wiki/Special:FilePath/Piscis%20Austrinus%20constellation%20map%20ru%20lite.png
Iris Nebula,Nebula,315.398333,68.1633,http://commons.wikimedia.org/wiki/Special:FilePath/Iris1HunterWilson.jpg
Jewel Box,Cluster,193.4125,-60.3617,http://commons.wikimedia.org/wiki/Special:FilePath/A%20Snapshot%20of%20the%20Jewel%20Box%20cluster%20with%20the%20ESO%20VLT.jpg
Jones-Emberson 1,Nebula,119.4650727427556,53.4213732030018,http://commons.wikimedia.org/wiki/Special:FilePath/Jones-Emberson1HunterWilson.jpg
K2-18,Star,172.56049060233,7.58840426347,http://commons.wikimedia.org/wiki/Special:FilePath/K2-18%20seen%20by%20SDSS.jpg
Kappa Crucis,Cluster,193.45383256528,-60.37624162151,NA
Kappa Cygni,Star,289.27570134506874,53.36845827781306,NA
Keyhole Nebula,Nebula,161.079167,-59.889167,http://commons.wikimedia.org/wiki/Special:FilePath/Keyhole%20in%20the%20Carina%20Nebula%20%28eso0905a%20crop%29.jpg
LDN 1355,Nebula,43.175,69.033,http://commons.wikimedia.org/wiki/Special:FilePath/Helping%20Hand%20LDN1355.jpg
LDN 1622,Nebula,88.6167,1.8033,NA
LH 95,Nebula,84.2656958,-66.3674139,http://commons.wikimedia.org/wiki/Special:FilePath/LH%2095.jpg
LL Pegasi,Star,349.8025292,17.1925361,http://commons.wikimedia.org/wiki/Special:FilePath/Celestial%20spiral%20with%20a%20twist.jpg
La Superba,Star,191.28260867319,45.44025730789,http://commons.wikimedia.org/wiki/Special:FilePath/Y%20Canum%20Venaticorum%20RGB.jpg
Lagoon Nebula,Nebula,270.9042,-24.3867,http://commons.wikimedia.org/wiki/Special:FilePath/LagoonHunterWilson.jpg
Lambda Centauri,Star,173.94532537821,-63.01983499360999,http://commons.wikimedia.org/wiki/Special:FilePath/Lambda%20Centauri%20Star.jpg
Large Magellanic Cloud,Galaxy,80.89417,-69.75611,http://commons.wikimedia.org/wiki/Special:FilePath/Large.mc.arp.750pix.jpg
Leo I,Galaxy,152.117167,12.3065,http://commons.wikimedia.org/wiki/Special:FilePath/Ugc5470.jpg
Leo Triplet,Galaxy,169.75,13.2,http://commons.wikimedia.org/wiki/Special:FilePath/Galaxies-M65-M66-NGC3628.jpeg
Leo Triplet,Cluster,169.75,13.2,http://commons.wikimedia.org/wiki/Special:FilePath/Galaxies-M65-M66-NGC3628.jpeg
Little Dumbbell Nebula,Nebula,25.58191862820125,51.57543142582611,http://commons.wikimedia.org/wiki/Special:FilePath/Little%20Dumbbell%20Nebula%20M76.jpg
Little Ghost Nebula,Nebula,262.33523604620996,-23.75965883868,http://commons.wikimedia.org/wiki/Special:FilePath/NGC%206369HST.jpg
Local Interstellar Cloud,Nebula,70.3,31.2,http://commons.wikimedia.org/wiki/Special:FilePath/Local%20Interstellar%20Clouds%20with%20motion%20arrows.jpg
Local Void,Galaxy,279.5,18,NA
Lyra,Constellation,1130,36.5,http://commons.wikimedia.org/wiki/Special:FilePath/LyraCC.jpg
M1-67,Nebula,287.87863379612,16.86058616542,http://commons.wikimedia.org/wiki/Special:FilePath/A%20cosmic%20couple.jpg
M2-9,Nebula,256.4081333,-10.1429389,http://commons.wikimedia.org/wiki/Special:FilePath/Planetary%20Nebula%20M2-9.jpg
M60-UCD1,Galaxy,190.89985,11.5346361,http://commons.wikimedia.org/wiki/Special:FilePath/M60-UCD1%20by%20HST.jpg
MACS0647-JD,Galaxy,101.9822125,70.2432667,http://commons.wikimedia.org/wiki/Special:FilePath/MACS0647-JD.JPG
MWC 922,Star,275.31688301822,-13.02375326672,NA
Maffei 1,Galaxy,39.1477875,59.6545917,http://commons.wikimedia.org/wiki/Special:FilePath/Maf1atlas.jpg
Maffei 2,Galaxy,40.47955,59.6040917,http://commons.wikimedia.org/wiki/Special:FilePath/Maf2atlas.jpg
Magellanic Clouds,Galaxy,45,-71,http://commons.wikimedia.org/wiki/Special:FilePath/Magellanic%20Clouds%20%E2%80%95%20Irregular%20Dwarf%20Galaxies.jpg
Magellanic Stream,Galaxy,8,-30,NA
McNeil's Nebula,Nebula,86.5583,-0.0967,http://commons.wikimedia.org/wiki/Special:FilePath/McNeil%27s%20Nebula%20in%202006%20and%202004.jpg
Medusa Nebula,Nebula,112.2612893421821,13.24683036709417,http://commons.wikimedia.org/wiki/Special:FilePath/Abell21%20-%20Noaoann09008a.jpg
Merope,Star,56.58155767833,23.94835590111,http://commons.wikimedia.org/wiki/Special:FilePath/Plei%20scheme.jpg
Messier 10,Cluster,254.287708,-4.100306,http://commons.wikimedia.org/wiki/Special:FilePath/Globular%20Cluster%20M10.jpg
Messier 106,Galaxy,184.7400833,47.3037194,http://commons.wikimedia.org/wiki/Special:FilePath/Messier%20106%20visible%20and%20infrared%20composite.jpg
Messier 108,Galaxy,167.8790292,55.6741222,http://commons.wikimedia.org/wiki/Special:FilePath/Messier108%20-%20SDSS%20DR%2014%20%28panorama%29.jpg
Messier 109,Galaxy,179.3999333,53.3745194,http://commons.wikimedia.org/wiki/Special:FilePath/Messier109%20-%20SDSS%20DR14%20%28panorama%29.jpg
Messier 21,Cluster,271.0542,-22.49,http://commons.wikimedia.org/wiki/Special:FilePath/M21a.jpg
Messier 22,Cluster,279.09975,-23.90475,http://commons.wikimedia.org/wiki/Special:FilePath/M22%20Combine7%20cp%20Vs%20%2818670836859%29.jpg
Messier 41,Cluster,101.5042,-20.7567,http://commons.wikimedia.org/wiki/Special:FilePath/Messier%20041%202MASS.jpg
Messier 43,Nebula,83.8792,-5.27,http://commons.wikimedia.org/wiki/Special:FilePath/Messier-42-10.12.2004-filtered.jpeg
Messier 61,Galaxy,185.4788646454377,4.473774537722,http://commons.wikimedia.org/wiki/Special:FilePath/M61%203.6%205.8%208.0%20microns%20spitzer.png
Messier 66,Galaxy,170.0626083,12.9912889,http://commons.wikimedia.org/wiki/Special:FilePath/M66%20Galaxy%20from%20the%20Mount%20Lemmon%20SkyCenter%20Schulman%20Telescope%20courtesy%20Adam%20Block.jpg
Messier 67,Cluster,132.825,11.8,http://commons.wikimedia.org/wiki/Special:FilePath/NGC2682%20-%20SDSS%20DR14%20%28panorama%29.jpg
Messier 77,Galaxy,40.6698792,-0.0132889,http://commons.wikimedia.org/wiki/Special:FilePath/Messier%2077%20spiral%20galaxy%20by%20HST.jpg
Messier 81,Galaxy,148.88821939854,69.06529514038,http://commons.wikimedia.org/wiki/Special:FilePath/M81.jpg
Messier 87,Galaxy,187.705930759583,12.391123293917,http://commons.wikimedia.org/wiki/Special:FilePath/M87-full%20jpg.jpg
Messier 94,Galaxy,192.72145,41.1201528,http://commons.wikimedia.org/wiki/Special:FilePath/Messier%2094.jpg
Messier 96,Galaxy,161.6906,11.8199389,http://commons.wikimedia.org/wiki/Special:FilePath/NGC%203368%20ESO.jpg
Messier 99,Galaxy,184.7067708,14.4164889,http://commons.wikimedia.org/wiki/Special:FilePath/M99s.jpg
Mira,Star,34.836633758,-2.977637673,http://commons.wikimedia.org/wiki/Special:FilePath/Mira%201997.jpg
Mon R2,Nebula,91.94417,-6.38306,NA
Mu Cephei,Star,325.8769210725,58.78004449472,http://commons.wikimedia.org/wiki/Special:FilePath/Mu%20Cephei%20%22The%20Garnet%20Star%22%202023%20%28Ha%20and%20OIII%29.png
Mu Columbae,Star,86.49956259956,-32.30643396160999,NA
Mu Geminorum,Star,95.740111926,22.513582746,NA
Musca,Constellation,743,-71.3,NA
N11,Nebula,74.21417,-66.40667,NA
N159,Nebula,84.944375,-69.7610944,http://commons.wikimedia.org/wiki/Special:FilePath/LMC-N159%28HST%29.jpg
N44,Nebula,80.52875,-67.94611,http://commons.wikimedia.org/wiki/Special:FilePath/Southern%20part%20of%20the%20spectacular%20N44%20H%20II%20region%20in%20the%20Large%20Magellanic%20Cloud.jpg
N6946-BH1,Star,308.864833,60.1356361,http://commons.wikimedia.org/wiki/Special:FilePath/Giant%20star%20N6946-BH1%20before%20and%20after%20it%20vanished%20out%20of%20sight%20by%20imploding%20to%20form%20a%20black%20hole.jpg
NGC 1268,Galaxy,49.6881790378084,41.4887481466683,http://commons.wikimedia.org/wiki/Special:FilePath/NGC%201268%20SDSS.jpg
NGC 1275,Galaxy,49.94625,41.511667,http://commons.wikimedia.org/wiki/Special:FilePath/NGC%201275%20Hubble.jpg
NGC 131,Galaxy,7.4104958,-33.2597194,http://commons.wikimedia.org/wiki/Special:FilePath/NGC%20131%20DECam.png
NGC 1316,Galaxy,50.6741208,-37.2082,http://commons.wikimedia.org/wiki/Special:FilePath/The%20contrasting%20galaxies%20NGC%201316%20and%201317.jpg
NGC 1317,Galaxy,50.6845051120215,-37.1036562589234,http://commons.wikimedia.org/wiki/Special:FilePath/NGC%201317-HST05446%204s-606.png
NGC 1931,Nebula,82.845,34.233,http://commons.wikimedia.org/wiki/Special:FilePath/NGC1931HunterWilson.jpg
NGC 1931,Cluster,82.845,34.233,http://commons.wikimedia.org/wiki/Special:FilePath/NGC1931HunterWilson.jpg
NGC 1947,Galaxy,81.6983875,-63.7600222,http://commons.wikimedia.org/wiki/Special:FilePath/NGC1947%20-%20HST%20-%20Potw2051a.tif
NGC 1975,Nebula,83.82542,-4.68472,http://commons.wikimedia.org/wiki/Special:FilePath/NGC%201973%20DSS.jpg
NGC 2070,Cluster,84.675,-69.1,http://commons.wikimedia.org/wiki/Special:FilePath/Tarantula%20Nebula.jpg
NGC 2237,Nebula,97.650417,4.980722,http://commons.wikimedia.org/wiki/Special:FilePath/NGC%202244%20Rosette%20Nebula.jpg
NGC 2327,Nebula,106.0333,-11.3167,http://commons.wikimedia.org/wiki/Special:FilePath/NGC%202327%20DSS.jpg
NGC 2343,Cluster,107.025,-10.6167,http://commons.wikimedia.org/wiki/Special:FilePath/NGC%202343.jpg
NGC 2359,Nebula,109.625,-13.226666700000001,http://commons.wikimedia.org/wiki/Special:FilePath/NGC2359%20-%20Noaoann10014a.jpg
NGC 2403,Galaxy,114.21415,65.6025472,http://commons.wikimedia.org/wiki/Special:FilePath/NGC2403%20Galaxy%20from%20the%20Mount%20Lemmon%20SkyCenter%20Schulman%20Telescope%20courtesy%20Adam%20Block.jpg
NGC 2525,Galaxy,121.4084994046131,-11.4270375619059,http://commons.wikimedia.org/wiki/Special:FilePath/NGC2525%20-%20HST%20-%20Heic2018b.tif
NGC 2841,Galaxy,140.5110625,50.9764778,http://commons.wikimedia.org/wiki/Special:FilePath/Spiral%20Galaxy%20NGC%202841.jpg
NGC 2976,Galaxy,146.8144083,67.9163806,http://commons.wikimedia.org/wiki/Special:FilePath/NGC2976-hst-R814G606B475.jpg
NGC 300,Galaxy,13.7226916941068,-37.6842174896297,http://commons.wikimedia.org/wiki/Special:FilePath/Phot-18a-02-hires.jpg
NGC 3016,Galaxy,147.46115,12.6952611,http://commons.wikimedia.org/wiki/Special:FilePath/NGC%203016%20SDSS.jpg
NGC 3019,Galaxy,147.530000189061,12.7461204586815,http://commons.wikimedia.org/wiki/Special:FilePath/NGC%203019%20SDSS.jpg
NGC 3020,Galaxy,147.5274958,12.8136,http://commons.wikimedia.org/wiki/Special:FilePath/NGC%203020%20SDSS.jpg
NGC 3024,Galaxy,147.6141375,12.7656222,http://commons.wikimedia.org/wiki/Special:FilePath/NGC%203024%20SDSS.jpg
NGC 3187,Galaxy,154.4494562562898,21.8733349419877,http://commons.wikimedia.org/wiki/Special:FilePath/NGC3190-NGC3187-NGC3189GALEX.jpg
NGC 3314,Galaxy,159.3038388949439,-27.6839740109641,http://commons.wikimedia.org/wiki/Special:FilePath/Galactic%20Silhouettes.jpg
NGC 3319,Galaxy,159.7897208,41.6868722,http://commons.wikimedia.org/wiki/Special:FilePath/NGC3319%20-%20SDSS%20DR14%20%28panorama%29.jpg
NGC 3344,Galaxy,160.8797917,24.9222194,http://commons.wikimedia.org/wiki/Special:FilePath/Ngc3344.png
NGC 346,Cluster,14.771207,-72.1759,http://commons.wikimedia.org/wiki/Special:FilePath/Ngc346.jpg
NGC 346,Nebula,14.771207,-72.1759,http://commons.wikimedia.org/wiki/Special:FilePath/Ngc346.jpg
NGC 3582,Nebula,168.05,-61.27361,http://commons.wikimedia.org/wiki/Special:FilePath/Wide%20Field%20Imager%20view%20of%20the%20star%20formation%20region%20NGC%203582.jpg
NGC 3621,Galaxy,169.5679167,-32.8126,http://commons.wikimedia.org/wiki/Special:FilePath/NGC%203621.jpg
NGC 3717,Galaxy,172.8833,-30.3077389,http://commons.wikimedia.org/wiki/Special:FilePath/A%20Spiral%20in%20Profile%20NGC%203717.jpg
NGC 4222,Galaxy,184.0938417,13.3070722,http://commons.wikimedia.org/wiki/Special:FilePath/SDSS%20NGC%204222.jpg
NGC 4248,Galaxy,184.4576763254423,47.4091807412126,http://commons.wikimedia.org/wiki/Special:FilePath/NGC4248%20-%20HST%20-%20Potw1730a.tif
NGC 4312,Galaxy,185.6306625,15.5379194,http://commons.wikimedia.org/wiki/Special:FilePath/NGC4312%20-%20SDSS%20DR14.jpg
NGC 4478,Galaxy,187.5726625,12.3285778,http://commons.wikimedia.org/wiki/Special:FilePath/SDSS%20NGC%204478.jpeg
NGC 4562,Galaxy,188.8940283022575,25.8495536436701,http://commons.wikimedia.org/wiki/Special:FilePath/NGC4562%20-%20SDSS%20DR14.jpg
NGC 4564,Galaxy,189.112475,11.4393194,http://commons.wikimedia.org/wiki/Special:FilePath/SDSS%20NGC%204564.jpeg
NGC 4627,Galaxy,190.4998664807554,32.5735585315852,http://commons.wikimedia.org/wiki/Special:FilePath/NGC%204627%20I%20FUV%20g2006.jpg
NGC 467,Galaxy,19.7921625,3.3008889,http://commons.wikimedia.org/wiki/Special:FilePath/NGC%200467%20SDSS.jpg
NGC 4725,Galaxy,192.6107053818968,25.5007604473309,http://commons.wikimedia.org/wiki/Special:FilePath/NGC%204725.jpg
NGC 4731,Galaxy,192.7545625,-6.39305,http://commons.wikimedia.org/wiki/Special:FilePath/NGC%204731%20legacy%20dr10.jpg
NGC 4753,Galaxy,193.0921333,-1.1996889,http://commons.wikimedia.org/wiki/Special:FilePath/SDSS%20image%20NGC%204753.jpeg
NGC 4945,Galaxy,196.3636625,-49.4679,http://commons.wikimedia.org/wiki/Special:FilePath/Spiral%20Galaxy%20NGC%204945.jpg
NGC 4993,Galaxy,197.448775,-23.3838306,http://commons.wikimedia.org/wiki/Special:FilePath/NGC%204993%20and%20GRB170817A%20after%20glow.gif
NGC 5195,Galaxy,202.498292,47.2661278,http://commons.wikimedia.org/wiki/Special:FilePath/Messier51.jpg
NGC 5291,Galaxy,206.8519125,-30.4069528,http://commons.wikimedia.org/wiki/Special:FilePath/NGC%205291SST05-021.jpg
NGC 5335,Galaxy,208.235647921128,2.8142538654482,http://commons.wikimedia.org/wiki/Special:FilePath/NGC%205335%20imaged%20by%20the%20Hubble%20Space%20Telescope.jpg
NGC 5866,Galaxy,226.623171,55.7633083,http://commons.wikimedia.org/wiki/Special:FilePath/Ngc5866%20hst%20big%20rotated.jpg
NGC 5965,Galaxy,233.5102375,56.6856,http://commons.wikimedia.org/wiki/Special:FilePath/NGC%205963%205965%205971%20GALEX%20WikiSky.jpg
NGC 5969,Galaxy,233.7126193979845,56.4510755936425,http://commons.wikimedia.org/wiki/Special:FilePath/NGC5969%20-%20SDSS%20DR14.jpg
NGC 604,Nebula,23.63375,30.78361,http://commons.wikimedia.org/wiki/Special:FilePath/Nursery%20of%20New%20Stars%20-%20GPN-2000-000972.jpg
NGC 6050,Galaxy,241.3473634586706,17.7571572122938,http://commons.wikimedia.org/wiki/Special:FilePath/Hubble%20Interacting%20Galaxy%20NGC%206050%20%282008-04-24%29.jpg
NGC 6240,Galaxy,253.2452542,2.4009861,http://commons.wikimedia.org/wiki/Special:FilePath/Hubble%20Interacting%20Galaxy%20NGC%206240%20%282008-04-24%29.jpg
NGC 6505,Galaxy,267.7808542,65.5307778,http://commons.wikimedia.org/wiki/Special:FilePath/NGC6505%20-%20SDSS%20DR14.jpg
NGC 6530,Cluster,271.1292,-24.3583,http://commons.wikimedia.org/wiki/Special:FilePath/Hubble%20NGC6530.jpg
NGC 6552,Galaxy,270.0302114595353,66.6150965482701,http://commons.wikimedia.org/wiki/Special:FilePath/NGC%206552%20-%20Flickr%20-%20geckzilla.png
NGC 6603,Cluster,274.6083,-18.40667,http://commons.wikimedia.org/wiki/Special:FilePath/NGC%206603%20PanS.jpg
NGC 6745,Galaxy,285.421635,40.743706,http://commons.wikimedia.org/wiki/Special:FilePath/NGC%206745.jpg
NGC 6905,Nebula,305.5957999290614,20.1045235901098,http://commons.wikimedia.org/wiki/Special:FilePath/NGC%206905%20-%20VLT%28FORS2%29%20-%20RHaBOIII.png
NGC 7284,Galaxy,337.1496875,-24.8440472,http://commons.wikimedia.org/wiki/Special:FilePath/NGC%207284%2085%20Arp%2093.jpg
NGC 7285,Galaxy,337.154292,-24.840528,http://commons.wikimedia.org/wiki/Special:FilePath/NGC%207284%2085%20Arp%2093.jpg
NGC 7318,Galaxy,338.9913,33.9656306,http://commons.wikimedia.org/wiki/Special:FilePath/NGC%207318.jpg
NGC 7318A,Galaxy,338.98687,33.965083,http://commons.wikimedia.org/wiki/Special:FilePath/NGC%207318.jpg
NGC 7600,Galaxy,349.7243353988353,-7.5804735350659,http://commons.wikimedia.org/wiki/Special:FilePath/NGC7600%20-%20SDSS%20DR14.jpg
NGC 7768,Galaxy,357.74398,27.147342,http://commons.wikimedia.org/wiki/Special:FilePath/NGC7768%20-%20SDSS%20DR14.jpg
NGC 896,Nebula,36.45,61.983,http://commons.wikimedia.org/wiki/Special:FilePath/Heart%20Nebula%20IC%201805%20NGC%20896.jpg
NGC 918,Galaxy,36.46162958454083,18.49621781532194,http://commons.wikimedia.org/wiki/Special:FilePath/NGC%200918%20DSS.jpg
Necklace Nebula,Nebula,295.9979626621542,17.15026608314583,http://commons.wikimedia.org/wiki/Special:FilePath/Necklace%20Nebula%20by%20Hubble.jpg
Norma Arm,Galaxy,240,-50,NA
North America Nebula,Nebula,314.6958,44.33,http://commons.wikimedia.org/wiki/Special:FilePath/NGC%207000%20photo.jpg
Nova Centauri 2013,Star,208.689012132585,-59.1511583407327,http://commons.wikimedia.org/wiki/Special:FilePath/%D0%A1%D0%B2%D0%B5%D0%B6%D0%B8%D0%B9%20%D1%81%D0%BD%D0%B8%D0%BC%D0%BE%D0%BA%20%D0%9D%D0%BE%D0%B2%D0%BE%D0%B9%20%D0%A6%D0%B5%D0%BD%D1%82%D0%B0%D0%B2%D1%80%D0%B0%202013.jpg
Nu Scorpii,Star,242.99889865,-19.460704478,NA
Omega Centauri,Cluster,201.697,-47.479472,http://commons.wikimedia.org/wiki/Special:FilePath/Omega%20Centauri%20by%20ESO.jpg
Omega Nebula,Nebula,275.1958,-16.1717,http://commons.wikimedia.org/wiki/Special:FilePath/Omega%20Nebula.jpg
Orion Nebula,Nebula,83.81042,-5.39111,http://commons.wikimedia.org/wiki/Special:FilePath/Orion%20Nebula%20-%20Hubble%202006%20mosaic%2018000.jpg
Owl Nebula,Nebula,168.69880209216,55.0190237014077,http://commons.wikimedia.org/wiki/Special:FilePath/The%20Owl%20Nebula%20M97%20Goran%20Nilsson%20%26%20The%20Liverpool%20Telescope.jpg
PDS 70,Star,212.04231062531,-41.3979370253,http://commons.wikimedia.org/wiki/Special:FilePath/PDS%2070%20-%20eso2111b%20%28cropped%29.jpg
PSR B1509-58,Star,228.481333,-59.135778,http://commons.wikimedia.org/wiki/Special:FilePath/PSR%20B1509-58%20full.jpg
Pa 30,Nebula,13.29667,67.50067,http://commons.wikimedia.org/wiki/Special:FilePath/Pa%2030%20cropped%20%28SII%29%20cleaned%20up.jpg
Palomar 12,Cluster,326.661833,-21.252611,http://commons.wikimedia.org/wiki/Special:FilePath/Palomar%2012%20Hubble.jpg
Palomar 6,Cluster,265.925833,-26.2225,http://commons.wikimedia.org/wiki/Special:FilePath/Palomar6%20%282MASS%29.jpg
Peacock,Constellation,306.411904365,-56.735089726,http://commons.wikimedia.org/wiki/Special:FilePath/Pavo%20constellation%20map.png
Pease 1,Nebula,322.4975,12.174306,http://commons.wikimedia.org/wiki/Special:FilePath/M15pease1%20%28HST%29.jpg
Pelican Nebula,Nebula,312.75,44.367,http://commons.wikimedia.org/wiki/Special:FilePath/PelicanHunterWilson09.jpg
Perseus Cluster,Cluster,49.94667,41.51306,http://commons.wikimedia.org/wiki/Special:FilePath/Central%20regions%20Perseus%20galaxy%20cluster.jpg
Perseus molecular cloud,Nebula,53.75,31.217,NA
Phi Persei,Star,25.91515800375,50.68873134222,http://commons.wikimedia.org/wiki/Special:FilePath/Phi%20Persei.jpg
Pi Scorpii,Star,239.71297182417,-26.114107945,NA
Pinwheel Galaxy,Galaxy,210.8024292,54.34875,http://commons.wikimedia.org/wiki/Special:FilePath/M101%20hires%20STScI-PRC2006-10a.jpg
Pipe Nebula,Nebula,262.5,-25,NA
Pismis 24,Cluster,261.1792,-34.20639,http://commons.wikimedia.org/wiki/Special:FilePath/Pismis%2024%20%28NIRCam%20image%29%20%2854763755527%29.jpg
Pismis 24-1,Star,261.1812083,-34.199175,http://commons.wikimedia.org/wiki/Special:FilePath/EmissionNebula%20NGC6357.jpg
Pleiades,Cluster,56.75,24.1167,http://commons.wikimedia.org/wiki/Special:FilePath/Pleiades%20large.jpg
Pleione,Star,57.29673582413,24.13671019778,http://commons.wikimedia.org/wiki/Special:FilePath/M45map.jpg
Polaris,Star,37.95456067,89.26410897,http://commons.wikimedia.org/wiki/Special:FilePath/Polaris%20alpha%20ursae%20minoris.jpg
Pollux,Star,116.328957774,28.02619889,http://commons.wikimedia.org/wiki/Special:FilePath/Gemini%20constellation%20map.png
Prawn Nebula,Nebula,254.2277991747417,-40.5123492327004,http://commons.wikimedia.org/wiki/Special:FilePath/Prawn%20Nebula%20from%20ESO%27s%20VST%20%28wide%20crop%29.jpg
Procyon,Star,114.825497908,5.224987557,http://commons.wikimedia.org/wiki/Special:FilePath/Procyon%20A%20and%20Procyon%20B%20%2829468251154%29.jpg
Proxima Centauri,Star,217.42894222160575,-62.67949018907555,http://commons.wikimedia.org/wiki/Special:FilePath/New%20shot%20of%20Proxima%20Centauri%2C%20our%20nearest%20neighbour.jpg
Puppis A,Nebula,126.0292,-42.9967,http://commons.wikimedia.org/wiki/Special:FilePath/Puppis%20A%20Chandra%20%2B%20ROSAT.jpg
R Aquarii,Star,355.95609580824,-15.2844956201548,http://commons.wikimedia.org/wiki/Special:FilePath/R%20Aquarii%20%28heic2413a%29.jpg
R Coronae Australis,Star,285.4736875949474,-36.9522626444367,http://commons.wikimedia.org/wiki/Special:FilePath/R%20Coronae%20Australis%20region.jpg
R Leporis,Star,74.9014501640119,-14.8062531757239,http://commons.wikimedia.org/wiki/Special:FilePath/R%20Leporis%20as%20imaged%20by%20ALMA%20%28ann23019a%29.jpg
R Monocerotis,Star,99.7914744628589,8.7359887233975,NA
R Sculptoris,Star,21.7420609308274,-32.5431771479631,http://commons.wikimedia.org/wiki/Special:FilePath/R%20Sculptoris%20A%20red%20giant%20sheds%20its%20skin.jpg
R136,Cluster,84.67665,-69.1009333,http://commons.wikimedia.org/wiki/Special:FilePath/Grand%20star-forming%20region%20R136%20in%20NGC%202070%20%28visible%20and%20ultraviolet%2C%20captured%20by%20the%20Hubble%20Space%20Telescope%29.jpg
R136,Star,84.67665,-69.1009333,http://commons.wikimedia.org/wiki/Special:FilePath/Grand%20star-forming%20region%20R136%20in%20NGC%202070%20%28visible%20and%20ultraviolet%2C%20captured%20by%20the%20Hubble%20Space%20Telescope%29.jpg
RCW 49,Nebula,10.4040556,-57.7827778,http://commons.wikimedia.org/wiki/Special:FilePath/Stellar%20nursery%20Gum%2029%20aka%20RCW%2049.jpg
RCW 79,Nebula,204.975,-61.75,http://commons.wikimedia.org/wiki/Special:FilePath/RCW%2079%20%28Emission%20nebula%29.jpg
RS Ophiuchi,Star,267.5548297854,-6.70791131383,NA
RS Puppis,Star,123.2675654741407,-34.5785255102954,http://commons.wikimedia.org/wiki/Special:FilePath/RS%20Puppis.jpg
RY Tauri,Star,65.4892052292,28.44320981017,NA
Red Rectangle Nebula,Nebula,94.99257729,-10.63741835222,http://commons.wikimedia.org/wiki/Special:FilePath/Redrectangle%20hst%20full.jpg
Red Square Nebula,Nebula,275.31688301822,-13.02375326672,NA
Regulus,Star,152.09375,11.96722,http://commons.wikimedia.org/wiki/Special:FilePath/Leo%20constellation%20map%20ru%20lite.png
Rho Ophiuchi,Star,246.396323589,-23.44717083,NA
Rho Ophiuchi,Nebula,246.396323589,-23.44717083,NA
Rigel,Star,78.634467067,-8.201638365,http://commons.wikimedia.org/wiki/Special:FilePath/Orion%20constellation%20map.png
Ring Nebula,Nebula,296.14325,-14.705639,http://commons.wikimedia.org/wiki/Special:FilePath/NGC%206822%20Bubble%20and%20Ring%20nebulae.jpg
Rosette Nebula,Nebula,97.9167,4.9633,http://commons.wikimedia.org/wiki/Special:FilePath/NGC%202244%20Erroseta%20nebulosa.jpg
S Monocerotis,Star,100.2444165,9.89575,http://commons.wikimedia.org/wiki/Special:FilePath/Monoceros%20constellation%20map%20ru%20lite.png
S2,Star,266.41685083,-29.00777083,http://commons.wikimedia.org/wiki/Special:FilePath/Galactic%20centre%20orbits.svg
SN 1006,Star,225.59208,-42.09694,http://commons.wikimedia.org/wiki/Special:FilePath/SN%201006.jpg
SN 1006,Nebula,225.59208,-42.09694,http://commons.wikimedia.org/wiki/Special:FilePath/SN%201006.jpg
SN 1181,Nebula,22.8083,70.2638,http://commons.wikimedia.org/wiki/Special:FilePath/IRAS%2000500%2B6713%20WISE.png
SN 1987A,Star,83.86675,-69.2697417,http://commons.wikimedia.org/wiki/Special:FilePath/HST%20SN%201987A%2020th%20anniversary.jpg
SN 2014J,Star,148.9255,69.67386,http://commons.wikimedia.org/wiki/Special:FilePath/SN%202014J%20University%20of%20London%20Observation.gif
SN 2017eaw,Star,308.684333,60.1933056,http://commons.wikimedia.org/wiki/Special:FilePath/SN%202017eaw%20%28MIRI%29%20%28dustysupernovae1%29%20%28cropped%29.jpg
SN 2018gv,Star,121.394083,-11.438019,http://commons.wikimedia.org/wiki/Special:FilePath/SN2018gv.gif
SNR 0509-67.5,Nebula,77.3792,-67.5217,http://commons.wikimedia.org/wiki/Special:FilePath/Supernova%20SNR%20B0509-67.5.jpg
SS 433,Star,287.9565191240419,4.9827289132041,http://commons.wikimedia.org/wiki/Special:FilePath/Ss433%20art%20big.gif
SS 433,Black Hole,287.9565191240419,4.9827289132041,http://commons.wikimedia.org/wiki/Special:FilePath/Ss433%20art%20big.gif
Sagittarius A,Black Hole,266.3,-28.805,http://commons.wikimedia.org/wiki/Special:FilePath/Chandra%20image%20of%20Sgr%20A.jpg
Sagittarius A*,Black Hole,266.416816625,-29.007824972,http://commons.wikimedia.org/wiki/Special:FilePath/EHT%20Sagittarius%20A%2A.jpg
Sagittarius Dwarf Elliptical Galaxy,Galaxy,283.76292,-30.47833,http://commons.wikimedia.org/wiki/Special:FilePath/Messier%2054.png
Sagittarius Star Cloud,Nebula,274.2,-18.55,http://commons.wikimedia.org/wiki/Special:FilePath/M024.jpg
Sagittarius Star Cloud,Galaxy,274.2,-18.55,http://commons.wikimedia.org/wiki/Special:FilePath/M024.jpg
Sagittarius Star Cloud,Cluster,274.2,-18.55,http://commons.wikimedia.org/wiki/Special:FilePath/M024.jpg
Saiph,Star,86.93912016833,-9.66960491861,http://commons.wikimedia.org/wiki/Special:FilePath/Orion%20constellation%20map.png
Sculptor Galaxy,Galaxy,11.8880583,-25.2888,http://commons.wikimedia.org/wiki/Special:FilePath/NGC%20253%20Galaxy.jpg
Sculptor Group,Galaxy,5.90917,-38.00028,http://commons.wikimedia.org/wiki/Special:FilePath/Ngc253%202mass%20barred%20spiral.jpg
Seahorse Nebula,Nebula,312.775,60.183,NA
Sextans A,Galaxy,152.75208,-4.69167,http://commons.wikimedia.org/wiki/Special:FilePath/Local.group.arp.600pix.jpg
Sh2-239,Nebula,67.825,18.1,http://commons.wikimedia.org/wiki/Special:FilePath/SH2-239%20Nebula%20from%20the%20Mount%20Lemmon%20SkyCenter%20Schulman%20Telescope%20courtesy%20Adam%20Block.jpg
Sh2-264,Nebula,83.825,9.933,http://commons.wikimedia.org/wiki/Special:FilePath/Lambda%20Orionis.jpg
Shapley 1,Nebula,237.9206295969861,-51.524595737672,http://commons.wikimedia.org/wiki/Special:FilePath/Fine%20Ring%20Nebula.jpg
Shapley Supercluster,Cluster,196.5,-33.067,http://commons.wikimedia.org/wiki/Special:FilePath/Shapley.gif
Sigma Octantis,Star,317.19526487582993,-88.95649953627,http://commons.wikimedia.org/wiki/Special:FilePath/Octans%20trapezoid.GIF
Sigma Orionis,Star,84.68652242855,-2.60007866108,http://commons.wikimedia.org/wiki/Special:FilePath/Sigma%20orionis%20cluster.jpg
Sigma Scorpii,Star,245.29714880583,-25.59279207667,http://commons.wikimedia.org/wiki/Special:FilePath/Scorpius%20IAU.svg
Simeis 147,Nebula,84.75,27.8333333,http://commons.wikimedia.org/wiki/Special:FilePath/S147%20SH2-240%20GeorgesAttard%20Apod1012020.jpg
Sirius,Star,101.287155333,-16.716115861,http://commons.wikimedia.org/wiki/Special:FilePath/Sirius.jpg
Small Magellanic Cloud,Galaxy,13.15833,-72.80028,http://commons.wikimedia.org/wiki/Special:FilePath/SMC%20-%20Noirlab2030b.jpg
Snake Nebula,Nebula,260.9125,-23.695,http://commons.wikimedia.org/wiki/Special:FilePath/Snake%20Nebula.jpg
Sombrero Galaxy,Galaxy,190,-11.623054278,http://commons.wikimedia.org/wiki/Special:FilePath/M104%20ngc4594%20sombrero%20galaxy%20hi-res.jpg
Soul Nebula,Nebula,42.777,60.41,http://commons.wikimedia.org/wiki/Special:FilePath/Heart%20and%20Soul%20nebulae.jpg
Southern Crab Nebula,Nebula,212.9669214173158,-51.4400510935413,http://commons.wikimedia.org/wiki/Special:FilePath/Southern%20Crab%20Nebula%20center.jpg
Southern Delta Aquariids,Constellation,339,-16,NA
Southern Delta Aquariids,Asteroid,339,-16,NA
Spica,Star,201.298247362,-11.161319485,http://commons.wikimedia.org/wiki/Special:FilePath/Virgo%20constellation%20map.png
Spirograph Nebula,Nebula,81.8675251429756,-12.697300738613,http://commons.wikimedia.org/wiki/Special:FilePath/Spirograph%20Nebula%20-%20Hubble%201999.jpg
Stephan's Quintet,Galaxy,338.98958,33.96,http://commons.wikimedia.org/wiki/Special:FilePath/Stephan%27s%20Quintet%20Hubble%202009.full.jpg
Stephan's Quintet,Cluster,338.98958,33.96,http://commons.wikimedia.org/wiki/Special:FilePath/Stephan%27s%20Quintet%20Hubble%202009.full.jpg
Sunflower Galaxy,Galaxy,198.9553077198746,42.0293683550047,http://commons.wikimedia.org/wiki/Special:FilePath/M63s.jpg
T Tauri,Star,65.49763328083,19.53512010926,http://commons.wikimedia.org/wiki/Special:FilePath/T%20Tauri.jpg
Tadpole Galaxy,Galaxy,241.5164167,55.4253694,http://commons.wikimedia.org/wiki/Special:FilePath/UGC%2010214HST.jpg
Tadpole Nebula,Nebula,80.5,33.483,http://commons.wikimedia.org/wiki/Special:FilePath/IC%20410%20%26%20NGC%201893-2.jpg
Tarantula Nebula,Nebula,84.65,-69.08639,http://commons.wikimedia.org/wiki/Special:FilePath/Tarantula%20Nebula%20TRAPPIST.jpg
Tau Virginis,Star,210.41163979453543,1.54453060782639,NA
Taurus Molecular Cloud,Nebula,70.25,25.867,http://commons.wikimedia.org/wiki/Special:FilePath/Herschel%E2%80%99s%20view%20of%20the%20Taurus%20molecular%20cloud%20ESA384012.jpg
Terzan 5,Cluster,267,-24.78,http://commons.wikimedia.org/wiki/Special:FilePath/The%20star%20cluster%20Terzan%205%20%28eso0945a%29.jpg
Trapezium Cluster,Cluster,83.81875,-5.38722,http://commons.wikimedia.org/wiki/Special:FilePath/Trapezium%20cluster%20optical%20and%20infrared%20comparison.jpg
Triangulum Galaxy,Galaxy,23.46206906218,30.66017511198,http://commons.wikimedia.org/wiki/Special:FilePath/M33.jpg
Trifid Nebula,Nebula,270.675,-22.9717,http://commons.wikimedia.org/wiki/Special:FilePath/Trifid.nebula.arp.750pix.jpg
Trumpler 14,Cluster,160.9833,-59.55,http://commons.wikimedia.org/wiki/Special:FilePath/Trumpler%2014%20by%20Hubble.jpg
Tulip Nebula,Nebula,299.9792,35.2767,http://commons.wikimedia.org/wiki/Special:FilePath/Tulip-Nebula.jpg
Tycho G,Star,6.3483174342259,64.1338965259255,NA
UGC 12591,Galaxy,351.3406,28.4952,http://commons.wikimedia.org/wiki/Special:FilePath/UGC12591%20Hubble%204000.jpg
UGC 2885,Galaxy,58.2602428406812,35.5894915481286,http://commons.wikimedia.org/wiki/Special:FilePath/UGC%202885.tif
Upsilon Geminorum,Star,113.98062505905,26.8957444986,NA
Ursa Major Moving Group,Cluster,188,57,http://commons.wikimedia.org/wiki/Special:FilePath/UMa2.jpg
V1331 Cygni,Star,315.2883618187118,50.3624453641461,http://commons.wikimedia.org/wiki/Special:FilePath/A%20young%20star%20takes%20centre%20stage.jpg
V380 Orionis,Star,84.10596385234416,-6.71602345825,http://commons.wikimedia.org/wiki/Special:FilePath/Ngc1999.jpg
Vega,Star,279.234734787,38.783688956,http://commons.wikimedia.org/wiki/Special:FilePath/Vega%20Spitzer.jpg
Vela Molecular Ridge,Nebula,133.25,-45,http://commons.wikimedia.org/wiki/Special:FilePath/Ngc2626atlas.jpg
Vela Pulsar,Star,128.836063542,-45.176431806,http://commons.wikimedia.org/wiki/Special:FilePath/Cycle%20of%20pulsed%20gamma%20rays%20from%20the%20Vela%20pulsar%20220px.gif
Vela Supernova Remnant,Nebula,128.5,-45.833,http://commons.wikimedia.org/wiki/Special:FilePath/Vela%20Supernova%20Remnant%20by%20Harel%20Boren%20%28155256626%29.jpg
Virgo Cluster,Cluster,186.63375,12.72333,http://commons.wikimedia.org/wiki/Special:FilePath/Virgo%20Cluster%20taken%20by%20Vera%20C.%20Rubin%20%28noirlab2521a%29.jpg
Virgo Supercluster,Galaxy,187.75,12.4,http://commons.wikimedia.org/wiki/Special:FilePath/Superc%C3%BAmulo%20de%20Virgo.jpg
W Orionis,Star,76.34882946369,1.17762628862,NA
W50,Nebula,288.0833,4.917,http://commons.wikimedia.org/wiki/Special:FilePath/W50%20medium.jpg
WR 134,Star,302.5591374232452,36.176408056991,NA
WR 136,Star,303.0272583616228,38.3549399558256,http://commons.wikimedia.org/wiki/Special:FilePath/WR136%20in%20NGC6888.jpg
WR 140,Star,305.11653944924,43.85451579467,NA
WR 25,Star,161.04322662985,-59.71973952255,http://commons.wikimedia.org/wiki/Special:FilePath/WR%2025%20and%20Tr16-244%20region%20%28cropped%29.jpg
Westerlund 1,Cluster,251.766667,-45.851361,http://commons.wikimedia.org/wiki/Special:FilePath/Westerlund%201.jpg
Westerlund 1-26,Star,251.7725265386488,-45.8435023054615,http://commons.wikimedia.org/wiki/Special:FilePath/Westerlund%201.jpg
Westerlund 2,Cluster,10.3994722,-57.7636111,http://commons.wikimedia.org/wiki/Special:FilePath/NASA%20Unveils%20Celestial%20Fireworks%20as%20Official%20Hubble%2025th%20Anniversary%20Image.jpg
Whirlpool Galaxy,Galaxy,202.469575,47.1952583,http://commons.wikimedia.org/wiki/Special:FilePath/M51%20Hubble%20Remix.jpg
Xi Persei,Star,59.74125954875,35.79103144583,NA
Zeta Ophiuchi,Star,249.28974606042,-10.56709151972,http://commons.wikimedia.org/wiki/Special:FilePath/Zeta%20Oph%20Runaway%20Star.jpg
Zeta Tauri,Star,84.41118926292,21.14254411222,http://commons.wikimedia.org/wiki/Special:FilePath/Taurus%20IAU.svg
